title,news
"죽은 거미 다리로 물건 집고, 전기 젓가락으로 조미료 대체… 올해 이그 노벨상 수상작들","게임을 좋아하는 사람이라면 네크로맨서(Necromancer)라는 이름을 들어봤을 것이다. 강령술사를 뜻하는 네크로맨서는 죽은 사람을 자유자재로 다루는 기술을 사용하는 이들을 말한다. 사람은 아니지만 죽은 거미를 자유자재로 다룰 수 있는 기술을 개발한 과학자들이 있다. ‘네크로보틱스(Necrobotics)’라는 이름이 붙은 이 마법 같은 기술이 올해 이그(Ig) 노벨상을 받았다.미국 하버드대의 ‘있을 법하지 않은 연구 연보(Annals of Improbable Research)’지는 14일(현지시각) 미국 라이스대학의 다니엘 프레스턴 교수 등을 비롯한 연구진이 제33회 ‘이그 노벨상(Ig Nobel Prize)’ 기계공학 부문상을 수상했다고 밝혔다.이그 노벨상은 노벨상 발표를 앞두고 발표하는 ‘짝퉁 노벨상’이다. 이그는 ‘있을 법하지 않은 진짜(Improbable Genuine)’의 약자다. 있을 법하지 않지만 진짜로 있는 엉뚱한 연구를 하는 사람들에게 주는 상이다.라이스대 연구진은 죽은 거미를 이용해 물건을 움켜쥘 수 있는 기술을 개발했다. 거미는 근육을 이용해 다리를 펴지 않는다. 거미에게는 굴근이라고 하는 근육이 있는데 이 근육은 다리를 안쪽으로 구부리기만 하고 밖으로 펼 수는 없다. 거미는 체내 수압을 조절해 다리를 바깥으로 벌린다. 거미가 죽으면 수압을 제어할 수 없기 때문에 다리는 몸 안 쪽으로 구부러져서 둥글게 말리는 것이다.라이스대 연구진은 연구실에서 작업을 하다 복도 끝에 있는 거미의 사체를 보고 이 아이디어를 얻었다고 밝혔다. 연구진은 즉시 죽은 거미를 찾아서 실험을 했다. 죽은 거미의 체내에 공기를 삽입하는 방식으로 다리를 벌렸다 구부렸다 할 수 있다고 본 것이다. 연구진은 늑대거미를 이용해 실험을 했는데 1000번에 달하는 ‘구부렸다-펼쳤다’ 사이클이 정상적으로 작동하는 걸 확인했다.특히 죽은 거미의 다리를 이용해 물건을 드는 것도 성공했다. 거미는 자기 몸무게의 130% 이상의 무게를 들 수 있다. 연구진은 실제로 죽은 거미를 이용한 그리퍼로 회로기판을 조작하거나 물체를 들거나 심지어 다른 거미를 들어올리기도 했다.연구진은 “거미 그리퍼는 휴대용 장치의 역할을 할 수 있고 야외에서는 선천적으로 위장할 수 있다는 이점도 있다”고 밝혔다. 프레스턴 교수는 “우리는 이그 노벨상이 강조하는 창의적인 사고를 유발하는 연구의 팬”이라며 “우리의 롤 모델 중 몇 명이 이그 노벨상을 받았기 때문에 이 대열에 합류하는 게 믿기지 않는다”고 말했다.영국 사우샘프턴대학의 얀 잘라시에비치(Jan Zalasiewicz) 교수는 이그 노벨 화학·지질학상을 수상했다. 잘라시에비치 교수는 많은 과학자가 바위를 핥는 걸 좋아하는 이유를 설명한 공로를 인정받았다. 그는 “바위의 축축한 표면이 건조한 표면보다 광물 입자를 더 잘 보여주기 때문에 바위를 핥아보는 것”이라고 설명했다.이그 노벨 영양상은 전기 젓가락과 빨대를 연구한 일본 연구진에게 돌아갔다. 도쿄대의 나카무라 히로미는 “음식의 맛은 전기 자극에 의해 바뀔 수 있다”며 “조미료 같은 기존 재료로는 불가능한 걸 혀에 전기 자극을 줘서 달성할 수 있다”고 설명했다. 이들은 전기 젓가락과 빨대로 혀에 전기 자극을 주면 음식의 짠맛을 강화할 수 있다는 연구 결과를 내놨다.공중보건상은 한국인 과학자가 받았다. 스탠퍼드대 의대 비뇨기의학과의 박승민 박사는 진단용 스마트 변기를 개발한 공로로 상을 받았다. 박 박사가 개발한 스마트 변기는 내장 카메라로 대소변 사진을 찍어서 질병을 진단하는 기술이다.이그 노벨 의학상은 개인의 콧구멍에 같은 수의 머리카락이 들어있는지 연구한 미국 어바인 캘리포니아대 과학자들이 받았고, 이그 노벨 커뮤니케이션상은 문장을 거꾸로 말하는 사람들을 연구한 칠레 산티아고대 연구진에게 돌아갔다.이그 노벨 물리학상은 밤에 산란을 위해 갈리시아 해안에 모이는 멸치의 활동이 작은 소용돌이를 만들 수 있다는 것을 연구한 이들에게 돌아갔다. 물리학상을 받은 사우샘프턴 대학의 비에이토 페르난데즈 카스트로(Bieito Fernández Castro) 박사는 “바다에서 일어나는 작은 규모의 물리적 현상에 대한 연구가 이렇게 큰 관심을 받을 지 몰랐다”고 말했다.참고 자료Advanced Science, DOI : https://doi.org/10.1002/advs.202201174Scientific Reports, DOI : https://www.nature.com/articles/s41598-020-67551-zNature Geoscience, DOI : https://www.nature.com/articles/s41561-022-00916-3- Copyright ⓒ 조선비즈 & Chosun.com -"
“10년 새 풍력 발전량 열 배 늘린 영국…생태계 조성이 먼저”,"‘캐터펄트(Catapult)’는 고대 그리스에서 사용한 투석기다. 주로 적국의 성을 공략하기 위해 사용됐다. 그련데 이 단어가 영국에서는 국책연구소의 이름으로 사용되고 있다. 국가가 지정한 핵심 기술을 산업화하기 위해 영국 혁신청 산하 총 10개의 국책연구소에 캐터펄트라는 이름을 붙인 것이다.영국 정부는 ‘미래먹거리’가 될만한 기술 분야를 꼽아 캐터펄트를 세웠다. 그중 하나가 풍력과 조력, 파력을 이용한 해상재생에너지(Offshore Renewable Energy·ORE)다. 영국은 해상풍력 누적 설치량을 2010년 1.3기가와트(GW)에서 2022년 13.7GW로 10배 이상 늘렸다. 향후 2030년엔 해상풍력 발전량을 50GW까지 올려 가정에서 쓰는 전기는 모두 재생 에너지로 충당할 계획이다.이현주 ORE 캐터펄트 터빈시스템팀장은 2007년까지 효성중공업에서 해상풍력 시스템을 개발하다 영국으로 건너간 한인 엔지니어다. ORE 캐터펄트에서 해상풍력의 발전 효율을 끌어올리는 터빈시스템 연구개발을 총괄하고 있다.이 팀장은 14일 한국공학한림원이 개최한 ‘한-영 정책기술포럼’에 참가해 영국이 해상풍력 강국에 오른 이유로 ‘산업 생태계 조성’을 꼽았다. 그는 “영국은 정권이 교체돼도 해상풍력 발전 시장이 안정적일 거라는 신호를 계속 줬다”며 “비록 해상풍력 개발에 늦게 뛰어들었지만, 지금은 선도 국가가 된 가장 큰 이유”라고 말했다.영국은 2009년부터 해상풍력에 공격적인 투자를 시작했다. 거액을 들여 해안에 해상풍력 단지를 만들고 사용권을 부여하는 방식을 부여했다. 그동안 해상풍력 터빈의 효율이 올라가면서 MWh당 48파운드(8만원) 정도로 단가가 내려가 조력이나 파력 발전보다는 풍력발전에 집중했다. 시장 활성화에 기술까지 받쳐주면서 영국 해상풍력은 계속 성장했다.이 팀장은 “해상풍력 산업의 발전은 깨끗한 에너지를 저렴하게 사용할 수 있는 기회”라며 “해상풍력은 타워를 설치하고 유지보수하는 인력이 필수이기 때문에 지역사회를 중심으로 양질의 일자리도 창출한다”고 설명했다.대부분 국가 에너지 계획은 다양한 에너지원이 혼합된 형태로 계획된다. 이 팀장도 해상풍력이 좋다고 해서 한쪽으로만 에너지원이 치우치면 안 된다고 조언했다. 또 터빈시스템이 아니더라도 해상풍력 발전기에 필요한 타워나 케이블 부분에서는 한국 기업에도 기회가 있을 것이라고 봤다.그는 “영국의 에너지 비율을 보면 지난해 원자력과 화력, 재생 에너지를 모두 사용해 발전량을 충당하고 부족한 부분은 유럽 대륙에서 끌어온다”며 “한국의 경우 원자력 발전을 그동안 잘 해왔으니, 당연히 재생 에너지를 갑자기 늘리는 건 힘들 것”이라고 말했다.그러면서 “세아제강지주의 경우 영국 해상풍력 시장을 보고 타워를 공급하기 위해 현지 공장을 짓고 있다”며 “한국이 해상풍력 기술로는 시장 진입이 어렵지만, 중공업이 발달한 만큼 기반 시설에서는 기회를 노릴 수 있을 것”이라고 강조했다.- Copyright ⓒ 조선비즈 & Chosun.com -"
미국발 훈풍 업고 코스피 상승 출발… 코스닥 900선 공방,"밤사이 미국 뉴욕증시가 긴축 부담을 털어내고 상승 마감한 데 이어 한국 증시도 15일 장 초반 오름세를 보이고 있다.이날 오전 9시 24분 기준 코스피 지수는 2577.86을 기록 중이다. 전날보다 4.97포인트(0.19%) 올랐다. 기관만 272억원 순매수 중이고, 개인과 외국인은 각각 144억원, 127억원 순매도하고 있다.유가증권시장 시가총액 상위 종목 가운데 LG에너지솔루션과 POSCO홀딩스, LG화학 등 2차전지 관련 종목은 오름세를 보이고 있다. 삼성전자와 삼성바이오로직스, 현대차는 전날보다 주가가 내린 채 거래되고 있다.미국 연방준비제도(Fed·연준)가 9월 기준금리를 동결할 것이란 전망이 상승 동력으로 작용했다. 14일(현지시각) 뉴욕증권거래소(NYSE)에서 다우존스30산업평균지수는 전장보다 331.58포인트(0.96%) 오른 3만4907.11로 장을 마쳤다. S&P500지수는 전날보다 37.66%포인트(0.84%) 상승한 4505.1로, 나스닥지수는 전장보다 112.47포인트(0.81%) 뛴 1만3926.05를 기록했다.국제유가 상승 등에도 불구하고 유럽중앙은행(ECB)이 긴축 완화에 대한 기대감을 불어넣었다. ECB는 14일 기준금리를 0.25% 인상하면서 “주요 금리가 충분히 오랫동안 유지되면, 인플레이션을 목표치로 적시에 돌아오게 하는 데 상당히 기여할 수 있는 수준에 도달했다”고 했다. 시장은 사실상 마지막 기준금리 인상이라고 받아들였다.코스닥 지수는 이날 오전 9시 23분 기준 전날보다 0.13포인트(0.01%) 내린 899.34이다. 900선을 두고 공방이 이어지고 있다. 개인이 1368억원어치 나홀로 ‘사자’에 나섰다. 외국인과 기관은 각각 1140억원 199억원 순매도 중이다.코스닥시장 시가총액 상위 종목 중에선 에코프로비엠, 에코프로, 포스코DX, 엘앤에프, HLB, 알테오젠 등이 강세를 보이다. 레인보우로보틱스와 JYP Ent., 에스엠 등은 하락 출발했다.- Copyright ⓒ 조선비즈 & Chosun.com -"
"신원식 ""군진상규명위 진상규명 내용, 사실 근거하지 않아""","[김도균, 유성호 기자]신 후보자는 이날 오전 서울 용산구 국방부 육군회관에 마련된 인사청문회준비 사무실로 출근하면서 관련 질문에 ""진상규명의 내용이 너무나 사실에 근거하지 않고 왜곡된 기억에 의해서 일방적으로 했기 때문에 조목조목 여러 번 걸쳐서 아주 상세하게 내 입장을 이미 배포했다""면서 이같이 밝혔다.신 후보자는 또 ""27살의 중대장이, 중대장의 잘못을 감추기 위해서 육사 9년 선배였던 당시 대대장이나 사단헌병대 그리고 군의관까지 동원돼서 짧은 서너 시간 동안 조작을 했다. 그것은 거의 소설이라고 보고, 상세한 것은 법적 투쟁을 하면서 밝히겠다""고 덧붙였다.앞서 <오마이뉴스>는 지난 8월 27일 '1985년 10월 훈련 중이던 병사가 잘못 발사된 박격포탄을 맞고 숨진 것을 불발탄을 밟아서 우발적으로 숨졌다고 조작·은폐해 수속 부대 지휘관과 간부들이 사고의 지휘 책임을 회피했다'는 대통령 소속 군사망사고진상규명위원회(군진상규명위) 진정 결과를 보도한 바 있다(관련 기사 : [단독] 신원식 중대장 시절 '부대원 사망' 조작 결론). 신 후보자는 사고 당시 목숨을 잃은 병사의 소속 중대장이었다. 보도 직후 신 후보자는 <오마이뉴스>와 해당 기자, 군진상규명위 진정인 조아무개씨를 형사고소했다.신 후보자는 과거 5·16 쿠데타와 12·12 군사반란 옹호 발언과 관련해 '방송 편집에 의한 오해'라고 해명했다. 신 후보자는 ""제 말의 앞뒤가 좀 편집돼서 오해를 불러일으켰다""며 ""대법원의 확정 판결과 정부의 역사적 평가를 100% 수용한다""고 거듭 해명했다. 그는 전날 국회에서도 같은 취지의 입장을 밝혔다.그는 군사합의의 폐기 여부를 ""국방부 단독으로 처리할 수는 없다""면서 ""9·19 합의에 대한 군사적 취약성에 그간 군에서 여러 보완책을 냈지만, 추가적으로 보완할 것이 있으면 보완하겠다""고 설명했다.""채 상병 사건, 국방부 장관 후보자로서 입장 내는 것 부적절""지난 7월 집중호우 실종자 수색과정에서 순직한 해병대 채 상병 관련 수사에 대한 질문에는 ""경찰에서 수사가 이뤄지고 있고, 국방부 장관 후보자로서 입장을 밝히는 것은 부적절하다""고 답했다.신 후보자는 지난 8월 25일 국회 국방위원회에서 채 상병 사건에 대해 ""손잡고 가다가 웅덩이에 푹 빠져서 안타까운 죽음을 했다. 그런데 이게 8명이나 다 (업무상 과실치사 혐의로) 처리할 만큼 어마어마한 군의 과오냐""고 말해 사건을 축소하려 한다는 비판을 받았다.저작권자(c) 오마이뉴스(시민기자), 무단 전재 및 재배포 금지"
"""우주정복 로씨야 불멸""…러시아 향한 김정은 구애, 네 가지 이유","13일(현지시간) 북한·러시아 정상회담의 시작과 끝은 '우주'로 장식됐다.김정은 북한 국무위원장과 블라디미르 푸틴 러시아 대통령이 만난 장소가 바로 러시아 아무르주(州) 보스토치니 우주기지였다. 김 위원장은 ""첫 우주정복자들을 낳은 로씨야(러시아)의 영광은 불멸할 것""이라고 했고, 푸틴 대통령은 ""북한의 인공위성 개발을 도울 것""이라고 화답했다.우주기술은 대표적인 민·군 겸용기술이다. 북한은 올해 정찰위성 발사를 두 차례 실패했다. 인공위성은 우주에서 지구를 들여다볼 수 있는 '눈' 역할로 북한이 이를 확보하면 유사시 미사일·드론 같은 무기를 타격지점에 정밀 조준할 수 있다.우주발사체 분야 협력도 용도를 바꾸면 대륙간탄도미사일(ICBM)로 활용할 수 있다. 북한은 ICBM 완성에 필요한 대기권 재진입 기술 등을 러시아로부터 도움받을 수 있다. 바로 이 지점이 북한과 러시아가 '우주밀월'에 나선 까닭이다.특히 러시아는 1990년대 이전까진 미국보다 우주기술이 뛰어났다. 인류의 우주개발 역사에서 러시아는 '인류 최초' 기록을 다수 보유하고 있는 국가다. 현재도 미국·중국 등과 함께 우주개발을 이끌고 있다. 김 위원장이 북·러 정상회담을 통해 얻고자 하는 속셈, 러시아의 우주기술 수준 등을 한국항공우주연구원 자문을 통해 네 가지 질문으로 풀이해본다.-북한의 정찰위성은?▶인공위성은 지구 궤도를 도는 인공 물체로 우주에서 지구를 바라보는 '눈' 역할을 한다. 북한은 지난 5월31일과 8월24일 평안북도 철산군 동창리 새 발사장에서 자체 개발한 군사정찰위성 '만리경-1호'를 자체 우주로켓 '천리마-1형'으로 발사했지만 모두 실패했다. 1차 발사는 우주로켓 2단 점화가 되지 않아 실패했고 2차 발사는 우주로켓 3단이 비행 중 비상폭발 체계 오류가 발생해 실패했다. 우주기술은 핵·미사일과 달리 로켓 단 분리부터 위성 궤도 투입까지 각종 공학기술과 수십만개 부품이 유기적으로 맞물려야 한다. 우주기술을 '공학기술의 결정체'라고 부르는 이유다. 북한이 러시아에 구애하는 까닭이 바로 북한이 부족한 우주기술을 러시아로부터 이전받기 위한 목적이다.Q2. 러시아가 우주강국?▶1990년대 이전까진 러시아가 인류의 우주개발 역사를 이끌었다. 일반적으로 독일 로켓공학자 베르너 폰 브라운(1912~1977)을 '로켓의 아버지'라고 부른다. 하지만 이보다 먼저 구소련 우주과학자 콘스탄틴 치올콥스키(1857~1935)가 1903년 '로켓에 대한 최초의 학술적 논문'을 발표했다. 소련은 1957년 10월 인류 최초의 인공위성 '스푸트니크' 발사에 성공했으며 유리 가가린이 1961년 4월 세계 최초로 우주여행에 성공했다. 이뿐만 아니라 세계 최초 달 충돌, 달 뒷면 촬영, 달 표면 연착륙, 달 로버(탐사로봇) 안착, 달 토양 샘플 채취·귀환, 금성·화성 탐사에 성공했던 국가다. 현재 국제우주정거장(ISS) 구축에 러시아가 가장 큰 기여를 하기도 했다. 미국 스페이스X 우주발사체가 재사용 로켓으로 시장을 독점하기 전까진 러시아의 소유즈·앙가라 우주발사체를 미국도 활용할 정도였다.Q3. 한국과 러시아의 우주협력 사례는?▶한국의 우주발사체 개발에 도움을 준 국가는 70년 동맹인 미국이 아닌 러시아 등 구소련 국가들이었다. 1990년대 이후 국가경제가 휘청였던 러시아는 국가 핵심 기술을 일부 팔아서라도 자본을 벌어 들어야 했다. 한국이 러시아로부터 우주발사체 기술을 배워 만든 로켓이 2013년 3차례 시도 끝에 발사에 성공한 한국형발사체 나로호(KSLV-I)다. 현재 3차례 발사했던 누리호(KSLV-II) 엔진을 만드는 과정에서도 러시아 우주기술이 활용됐다. 그동안 우리나라 인공위성 대다수는 러시아 우주발사체 소유즈·앙가라 로켓들로 발사됐다. 지난해에도 러시아 우주발사체로 차세대중형위성 2호, 다목적실용위성(아리랑) 6호 등을 쏘아올릴 계획이었다. 하지만 러시아의 우크라이나 침공으로 우리나라도 국제사회 제재에 동참하며 러시아와 우주협력이 사실상 끝났다.Q4. 러시아의 우주기술 수준은?▶러시아의 우주발사체·인공위성 기술은 여전히 미국을 위협할 수 있는 수준이다. 하지만 지난달 발사된 무인 달 탐사선 루나 25호는 달 표면에 추락해 자존심을 구겼다. 당시 세계 최초로 달 남극 착륙에 성공한 인도의 달 탐사선 찬드라얀 3호와 비교되기도 했다. 우주산업에 있어 발사장은 무엇보다 중요한 기반시설로 러시아는 현재 6개 우주기지를 보유하고 있다. 김 위원장과 푸틴 대통령이 만난 보스토치니 우주발사장은 2016년 4월 첫 인공위성 발사를 시작으로 본격 활용됐다. 건설 비용으로 5~7조원을 투입했으며 부지면적은 우리나라 나로우주센터의 110배가 넘는다. 이곳에서 러시아는 자체 개발한 우주발사체와 인공위성 등을 발사할 예정이다. 또 북한 우주비행사를 훈련시켜 우주로 보내는 일도 추진하고 있는 것으로 알려졌다. 우리나라는 미국과 우주협력에 나서고 있지만 2008년 이소연씨 이후 우주비행사를 육성하지 않고 있다.김인한 기자 science.inhan@mt.co.kr"
中 경기 둔화하고 있는데 시진핑 이번에는 의료산업 탄압,"(서울=뉴스1) 박형기 기자 = 중국 경기가 급격히 둔화하고 있음에도 시진핑 중국 국가 주석이 IT 산업에 이어 의료 산업도 탄압하고 있다고 블룸버그통신이 14일(현지시간) 보도했다.그동안 시 주석은 IT 기업들도 공산당의 통제를 받아야 한다며 IT 기업이 보유하고 있는 데이터를 정부에 제출하라고 명령하는 등 IT 기업을 탄압했었다.이에 따라 중국 IT 기업의 대명사 마윈 알리바바 창업자가 장기간 외유를 하는 등 중국 IT 기업들은 납작 엎드려 있어야 했다.이어 시 주석은 경기가 둔화하고 있음에도 이번에는 의료 산업에 대한 탄압을 하고 있다. 그는 의사들의 월급이 지나치게 많고, 의료 산업에 부패가 만연하다며 의료계에 칼을 들이대고 있다.공산당은 의료계에서 오랫동안 뇌물 수수 관행이 지속되고 있다며 이를 발본색원할 것이라고 밝혔다.이에 따라 의사들이 몸을 사리고 있으며, 의료품에 대한 주문도 지연되는 등 의료 산업이 타격을 받고 있다.중국의 의료 산업은 그 규모가 1조4000억 달러(약 1861조)에 이르는 것으로 추산된다. 1조4000억 달러의 산업 부분이 급격하게 둔화하고 있는 것이다.이에 따라 중국 상하이증시에 상장된 헬스케어 주식들이 급락하고 있으며, 기업공개(IPO)를 계획했던 의료 업체들이 잇달아 상장 계획을 취소하고 있다.블룸버그 이코노믹스의 연구원 에릭 주는 ""병원과 의사들이 모두 복지부동하고 있다""며 ""이는 치료가 시급한 환자들에게 나쁜 영향을 미치고 있다""고 말했다.앞서 중국 공산당은 IT 산업을 탄압했었다. 이에 따라 IT 기업들이 보수 경영에 돌입함에 따라 직원 고용을 중단, 중국의 청년 실업률이 치솟는 등 부작용이 발생했었다.중국 청년 실업률은 20%를 상회하고 있다. 이는 전체 실업률보다 5배 높은 수준이다.이같은 부작용이 발생하고, 경기가 급격히 둔화하고 있음에도 시 주석은 부패를 이유로 중단없는 사정을 외치고 있는 것이다.sinopark@news1.kr"
"신원식, '홍범도함' 개명 여부 ""충분히 검토한 뒤 방향 정할 것""","(서울=뉴스1) 허고운 기자 = 신원식 국방부 장관 후보자(국민의힘 의원)은 최근 여권에서 제기된 해군 잠수함 '홍범도함' 함명 변경 문제에 대해 ""(장관에) 취임한다면 여러 의견을 듣고 충분히 검토한 후 방향을 정하겠다""고 15일 밝혔다.신 후보자는 이날 오전 서울 용산구 육군회관에 마련된 후보자 사무실로 첫 출근하는 길에 기자들과 만난 자리에서 이같이 말했다.신 후보자는 국회 국방위원으로서 작년 10월 국정감사 당시 육군사관학교 내에 설치돼 있는 독립운동가 흉상 가운데 홍범도 장군 흉상 이전 필요성을 처음 제기한 인물이다. 홍 장군이 생전에 '공산당원'이었단 이유에서다.이런 가운데 육사는 최근 교내 기념물 재정비 등 계획의 일환으로 홍 장군 흉상을 외부로 이전하기로 결정했다.따라서 신 후보자가 앞으로 국회 인사 청문절차를 거쳐 국방부 장관에 취임하면 육사에 이어 현재 서울 용산구 국방부·합동참모본부 청사에 앞에 설치돼 있는 홍 장군 흉상도 다른 장소로 이전하고, 잠수함 '홍범도함'의 개명 또한 본격 추진할 가능성이 있단 관측이 제기되고 있다.한덕수 국무총리도 지난달 31일 국회 대정부질문에 출석, ""군함 이름이 공산당원이었던 사람인 건 적정하지 않다""며 홍범도함 개명 필요성을 제기했다.신 후보자는 지난 2019년 유튜브 방송에서 전두환 신군부의 1979년 '12·12쿠데타'를 ""나라를 구하려고 나온 것""이라고 평가했던 데 대한 질문엔 ""내 말 앞뒤가 조금 편집돼 그런 오해를 일으켰다""며 ""그 사건(12·12쿠데타)에 대한 대법원 확정 판결과 지금 정부의 역사적 평가를 100% 지지한다""고 답했다.다만 신 후보자는 2019년 보수단체 집회 현장에서 문재인 당시 대통령 등에 대해 원색적인 비난과 막말을 퍼부은 데 대해선 ""(국회) 인사청문회장에서 입장을 밝히겠다""며 말을 아꼈다.또 그는 올 7월 집중호우 피해 실종자 수색 중 순직한 고(故) 채모 해병대 상병 사고와 관련해서도 ""정치인으로선 여러 견해를 밝혔으나, 경찰과 군검찰 수사가 이뤄지고 있기에 국방부 장관 후보자로서 입장을 밝히는 건 적절치 않다. 필요하다면 청문회장에서 내 의견을 밝히겠다""고 답했다.신 후보자는 최근 군사명사고진상규명위원회 조사 결과, '38년 전 육군 부대 중대장 시절 부대원 사망사고 원인을 은폐했다'는 의혹이 제기된 것과 관련해선 ""(위원회의) 진상규명 내용이 사실에 근거하지 않았다. 거의 소설""이라고 거듭 부인했다.그는 2018년 '9·19남북군사합의'에 대해 과거 부정적인 입장을 밝혔던 것과 관련해선 ""우리의 군사적 취약점을 확대는 것이기 때문에 반드시 폐지하는 게 바람직하다고 생각해왔다""면서도 ""국방부 단독으론 결정할 수 없다. 그동안 군에서 내놓은 여러 보완책을 보고 추가로 보완할 내용이 있다면 보완하겠다""고 밝혔다.이와 함께 신 후보자는 북한과 러시아가 지난 13일 정상회담을 개최한 데 대해선 ""아직 국방정보본부로부터 구체적인 보고를 받지 못해 잘 모르겠지만, 북러가 군사적으로 굉장히 긴밀해지만 북한의 무기개발에도 상당한 영향을 주리라고 본다. 상세히 분석하고 그에 맞춰 (북한을) 압도할 수 있는 우리 군의 전력 증강 방향을 좀 더 보완하도록 하겠다""고 말했다.그는 ""전략적으로 우리 군의 능력을 향상시키고, 동맹국·우방국과의 긴밀한 군사협력을 통해 도발을 억제할 수 있도록 다각적 측면에서 보완책을 강구하겠다""고 부연했다.신 후보자는 ""엄중한 안보상황에 국방부 장관 후보자로 지명돼 책임의 막중함을 느낀다""며 ""장관이 된다면 국군통수권자(윤석열 대통령)의 국방 관련 지침·의도를 잘 헤아려 정예화된 선진강군을 만드는 데 주력하겠다. 특히 장병들이 올바른 국가관과 대적관, 군인정신으로 무장해 군 본연의 임무에만 매진하는 군인다운 분위기, 적과 싸우면 반드시 이기는 군대다운 군대를 만드는 데 성심을 다하겠다""고 강조했다.hgo@news1.kr"
"박광온 ""윤 정권, 언론파괴 수준…절차적 정당성도 상실""","[서울=뉴시스] 임종명 신귀혜 기자 = 박광온 더불어민주당 원내대표는 15일 ""윤석열 정권의 언론탄압이 거침없다. 언론파괴 수준""이라고 밝혔다. 검찰이 전날 '대장동 허위 인터뷰' 의혹 관련 뉴스타파와 JTBC 사무실, 기자 주거지 등을 압수수색한 것을 겨냥한 발언이다.박 원내대표는 이날 오전 강서구청장 보궐선거 진교훈 후보자 선거사무실에서 열린 최고위원회의에 참석했다.박 원내대표는 ""어제 검찰은 대선 때 보도로 윤석열 대통령 명예가 훼손됐다면서 뉴스타파와 JTBC, 그리고 소속 기자들 의 주거지를 압수수색했다""며 ""일주일 전 방통위는 관련 보도했던 KBS, MBC, JTBC 팩트체크 검증시스템에 대해 실태조사에 들어갔다. 방심위는 관련 보도를 인용보도한 KBS, MBC, JTBC, YTN 등 방송 보도물에 대한 중징계에 나섰다. 불과 일주일새에 일어난 일들""이라고 강조했다.박 원내대표는 ""절차적 정당성을 상실했다""며 ""언론보도로 명예훼손이 있으면 언론중재나 정정보도를 청구하는 게 순서""라고 지적했다.이어 ""그러나 지금 정부는 1년 반 전 대선 전 보도에 대해서 방심위, 방통위, 검찰까지 모두 나서서 해당 언론사와 기자, 제작진들을 전방위적으로 압박하고 있다""고도 했다.박 원내대표는 ""방송장악, 언론자유의 파괴가 놀라울 정도로, 국민들이 받아들일 수 없는 수준으로 시작됐다""며 ""세계최대언론단체인 국제기자연맹은 '한국 정부의 언론권침해'라면서 모든 수사를 중단할 것을 촉구했다""고 전했다.그러면서 ""정부는 지금 당장 언론탄압, 파괴를 중단해야 한다""고 촉구했다.박 원내대표는 ""국민이 지켜보고, 국제사회 경고한다. 계속되면 국민의 저항을 피할 수 없을 것""이라며 ""언론은 결코 장악될 수도 없고, 장악되지도 않는다는 역사의 교훈을 잊지 말기를 바란다""고 덧붙였다.☞공감언론 뉴시스 jmstal01@newsis.com, marimo@newsis.com"
"""현장교사들 매주 1회 만나겠다"" 이주호…오늘 첫 간담회","[세종=뉴시스]김정현 기자 = 매주 1회 교사들을 만나겠다고 약속했던 이주호 사회부총리 겸 교육부 장관이 15일 첫 정례 간담회를 갖는다.교육부는 이 부총리가 이날 오후 4시 정부서울청사에서 '제1차 현장교원과의 대화'를 주재한다고 밝혔다.이번 자리에서는 수년째 동결돼 온 담임·보직수당 현실화 방안과 교원능력개발평가(교원평가)가 논의된다.교육부는 교권침해 속에서도 묵묵히 현장을 지키는 교사들에게 합당한 대우가 필요하다고 보고 담임, 보직수당을 대폭 인상하는 방안을 적극적으로 검토하고 있다.교원평가의 경우 올해 평가의 유예가 유력하며 현장 교사들과 논의해 전면 재설계 방향을 모색할 방침이다. 학부모와 소통이라는 목적을 충분히 달성하지 못했고, 근무성적평정·교원성과상여금 등 다른 평가 체제와 맞물려 운영되지 못해 부담만 가중시켰다고 보고 있다.교직단체에서는 정성국 한국교원단체총연합회(교총) 회장, 황수진 교사노동조합연맹(교사노조) 정책실장, 조윤희 대한민국교원조합 상임위원장이 참석한다.초등교사 커뮤니티 '인디스쿨'을 통해 꾸려진 현장교사 정책TF 총괄을 맡았던 최서연 경기 남양주 송라초 교사 등 평교사 4명이 자리를 함께 한다.이 부총리는 앞으로 매주 현장 교사들과 어떤 주제로, 어떤 형식으로 현장 교사와 정기 간담회를 이어갈 지 함께 논의할 계획이다.☞공감언론 뉴시스 ddobagi@newsis.com"
"""아이 태어나면 꼭 배꼽 살펴야 하는 이유는…""","-배꼽 육아종은 왜 생기는 건가?아직 정확히 알려지지 않았다. 다만 태어났을 때 여러 이유로 탯줄을 통해 주사를 맞았다면 아무래도 혈류가 오래 유지돼 탯줄이 늦게 떨어질 수 있다.-병원을 방문해야 하는 핵심 증상은 무엇인가?요즘에는 신생아실에서 어느 정도 교육을 하기 때문에 부모들이 탯줄이나 배꼽 관리법에 대해 알고 있다. 만약 소독으로 배꼽을 깨끗하게 관리하는데도 아이 배냇저고리에 진물 등이 묻어나온다면 병원에 방문하는 게 좋다. 진물이 흘러나오는 조직이 조금씩 쓸리면서 혈관이 노출되면 피가 나오기도 한다. 겉으로는 굉장히 작지만 배 안의 다른 혈관들이랑 연결되기 때문에 감염되면 치명적인 패혈증이 발생할 수도 있다.-어떻게 치료하나?육아종의 크기가 작다면 질산은 등의 약물을 바른다. 육아종이 큰 경우에는 육아종의 아랫부분을 수술용 실로 바짝 묶는다. 이러면 혈류가 올라오지 않아 조직이 자연스럽게 떨어진다. 합병증 발생률은 매우 드물다.-나중에 배꼽의 모양에 영향을 끼칠 수 있나?배꼽 모양은 탯줄이 잘 떨어지는 것도 중요하지만 근막이 더 중요하다. 배 아래에는 장이 튀어나오지 않도록 하는 근육으로 이뤄진 막이 있다. 배꼽 쪽 근막에는 태아 때 탯줄이 연결되는 통로가 있는데 출생 후 서서히 막힌다. 하지만 근막이 완전히 막히지 않는 경우도 있다. 장기 등이 살짝 튀어나오면 참외배꼽이 될 수 있다. 정도가 심하면 튀어 나온 복막이나 창자의 일부가 배꼽의 피부를 미는 배꼽 탈장으로 이어질 수 있다.-배꼽 탈장은 육안으로 구분할 수 있나?신생아는 배 안에 공간이 없어서 힘을 주면 빵빵하게 부푼다. 심하게 울거나 배에 힘을 많이 줄 때 불쑥 솟아 나와 보인다. 또 근막이 완전히 닫히지 않은 부분이 만져지기도 한다.-신생아 배꼽은 어떻게 관리해야 하나?위생 관리만 해도 괜찮다. 특히 탯줄이 막 떨어져 나간 상태는 상처랑 다름없기 때문에 이때 더러운 손으로 만지거나 하면 안 된다.-신생아도 변비에 걸리나?따로 진단 기준이 있는 건 아니다. 다만 변을 오랫동안 못 보거나 딱딱한 변을 보면 변비라고 볼 수 있다. 의사소통이 어려운 신생아는 수유 곤란이 생긴다든지 먹어도 토한다든지 하는 증상으로 나타난다.-원인은 무엇인가?외과적으로는 태변으로 인한 장운동 지연, 선천적인 기형 등이 변비를 유발할 수 있다. 선천적인 문제 중 변비의 원인으로 가장 흔한 건 선천성 거대결장이다. 사실 대부분의 선천성 질환은 신생아실에서 3~4일 보내면서 진단이 된다. 그런데 선천성 거대결장 같은 경우에는 증상이 뒤늦게 나타나는 경우도 많아서 부모들의 주의가 필요하다.-선천선 거대결장이란 어떤 질환인가?장에는 운동을 담당하는 신경절세포가 있다. 이 세포가 항문 가까이 이어져야 배변활동이 이뤄질 수 있다. 그런데 선천적으로 분포하지 않을 수도 있다. 신경절세포가 항문에 이르기 전에 끊기면 그 아래쪽은 장운동을 못한다. 신경절세포가 없는 부분에 변이 머물면서 가스가 차고 장이 늘어나게 된다.유병률은 5000명 중의 1명 정도다. 80% 이상은 태변이 배출되지 않는 등 신생아 초기에 증상이 나타난다. 그런데 신경절세포가 분포하지 않는 부분이 짧으면 신생아 이후에도 복부팽만, 구토 등이 나타날 수 있다. 증상은 학령기까지 이어질 수도 있는데 변비가 계속 되거나 아이가 배에 가스가 차있다고 호소한다, 관장을 자주 하거나 밥을 안 먹어서 영양 상태가 떨어지는 문제가 동반되면 선천성 거대결장을 의심해볼 수 있다.-진단은 어떻게 이뤄지나?먼저 엑스레이나 조영술로 대장에 가스가 차 있는지, 장이 늘어나 있는지 확인한다. 증상이 확인되면 조직 검사로 확진한다. 조직 검사는 관장 후 항문 근처 조직을 떼어내 현미경으로 신경절세포가 있는지 확인하는 것이다.-선천성 거대결장을 방치하면 어떻게 되나?장이 늘어나는 질환이다 보니 변이 머물고 가스가 차면 유해균들이 생길 수 있다. 장염에 자주 걸리는 것이다. 염증과 조직 손상으로 장을 못 쓰게 되는 것이다. 초기에 진단하면 신경절이 없는 부분만 절제하면 되지만 진단이 늦어지면 정상적인 부분도 절제하게 된다. 최악의 경우엔 압력을 이기지 못한 장벽을 통해 세균이 침투한다. 패혈증으로 돌연사하는 사례도 있어서 의심스러운 경우에는 검사를 진행해보는 게 좋다."
"중국, 외교사령탑 러시아 급파…북·중·러 밀착 ‘신냉전’ 격랑","[북-러 밀착]김정은 북한 국무위원장과 블라디미르 푸틴 러시아 대통령의 정상회담 이후 중국이 외교 사령탑인 왕이 외교부장(장관)을 러시아로 급파하기로 하는 등 러시아와 소통을 강화하고 있다. 다음달 중순에 베이징에서 이뤄질 가능성이 높은 시진핑 중국 국가주석과 푸틴 대통령의 정상회담과 이후 한·미·일과의 소통이 그동안 중립을 지켜온 중국이 태도를 정하는 중요 ‘변곡점’이 될 것으로 보인다.중국은 지난 4일 미국 뉴욕타임스 보도를 통해 북-러 정상회담 소식이 전해진 뒤 이 문제에 대해 구체적 논평을 피하고 거리를 둬왔다. 실제 마오닝 외교부 대변인은 며칠째 “북한 지도자의 러시아 방문은 북한과 러시아가 마련한 것으로, 북-러 사이의 일”이라는 답변을 반복해왔다. 우크라이나 전쟁에 대해 ‘평화 중재자’를 자처하며 미국의 우크라이나 군사 지원을 비난해온 중국은 군사 협력을 중심에 둔 북·러의 밀착을 공개 지지하기 힘든 상황이다. 또 중-러(소련)는 지난 냉전 시절 북한에 누가 더 강한 영향력을 가졌는지를 두고 치열하게 경쟁해왔다. 중국 입장에서 북·러의 접근은 불편할 수밖에 없다.이런 가운데 마리야 자하로바 러시아 외교부 대변인은 북-러 정상의 회담 당일인 13일 세르게이 라브로프 장관이 18일 모스크바에서 왕이 중국 공산당 중앙정치국 위원 겸 외교부장과 회담할 것이라고 밝혔다. 두 장관은 최근 북-러 간 대화에 대해 의견을 나누고, 다음달 있을 시 주석과 푸틴 대통령의 정상회담도 조율할 것으로 보인다. 중국은 우크라이나를 침공한 러시아에 대한 무기 제공에는 거리를 두지만, 동해에서 잇따라 연합훈련을 여는 등 전략적 협력을 강화하고 있다. 북한과도 23일 항저우 아시아경기대회에 오는 북한 대표단을 맞는 것을 계기로 당국 간 상당한 대화를 나눌 것으로 예상된다.앞으로 예정된 중-러 외교장관과 정상 회담에서 중국은 그동안처럼 북·러의 접근이 ‘남의 나라 일’이라는 식의 태도를 유지하진 않을 것으로 보인다. 김 위원장은 13일 러시아 아무르주 보스토치니 우주기지에서 열린 정상회담 머리발언에서 “조-러 관계를 우리 대외 정책에서 제1순위로 하고, 제일 최중대시하고 발전시켜나갈 것”이라고 말했다. 중국이 자신을 빼놓은 채 북-러 간 거리가 좁혀지는 것을 방치할 가능성은 높지 않다. 러시아 안보 전문가들은 북-러 간 무기 거래가 성사된다면 중국의 동의가 있었을 것이라는 해석도 내놓고 있다. 애초부터 중국이 북·러 접근의 ‘밖’이 아닌 ‘안’에 있었다는 해석이다.나아가 미국 조 바이든 행정부 취임 이후 미-중 전략 경쟁이 강화되고 있고, 한국의 윤석열 정부 등장 이후 한·미·일 협력이 급격히 강화되고 있다. 세 나라는 지난달 18일 캠프 데이비드에서 3국 협력의 수위를 크게 끌어올렸다. 이런 상황에서 미국은 11월 샌프란시스코에서 열리는 아시아태평양경제협력체(APEC) 정상회의에서 미-중 정상회담을 추진 중이다. 한국은 그와 별도로 한·중·일 정상회의 추진에 힘을 쏟고 있다. 중국은 이들 만남에서 미국과 한·일에 한·미·일의 군사동맹화 등에 대한 자신들의 우려를 전할 것으로 보인다. 북·러 접근에 중국이 태도를 정한다면 그 이후가 될 수 있다.중국이 결국 북·중·러 3국 연대를 강화하는 쪽으로 나아간다면, 세 나라의 연합훈련이 현실화될 수도 있다. 중국과 러시아는 그동안 동해 등에서 연합 군사훈련을 벌여왔으나, 북한이 참여한 적은 없었다. 다만, 이에 대해선 회의적 의견이 더 많다. 3국 군사훈련이 이뤄질 경우, 중국은 북한에 대한 영향력을 러시아와 나눠야 하고, 미국을 포함한 서방 국가들과의 관계 악화를 각오해야 한다.베이징/최현준 특파원 haojune@hani.co.kr"
"[친절한 경제] ""20명 몸값만 650조 원""…첨단 기술 거물들 한자리 왜 모였나","<앵커>친절한 경제 권애리 기자 나와 있습니다. 권 기자, 유명한 얼굴들이 보이고 있는 것 같은데요. 빌게이츠도 보이는 것 같고요. 미국 기술 기업의 거물들이 이렇게 한데 모인 이유가 뭔가요?<기자>미국 10대 기업 중의 절반인 5대 기업의 대표들을 비롯해서 세계적인 기술 기업의 대표들, 그리고 시민사회 관계자들이 한 20명 정도 한 자리에 모였는데요.외신들도 여기에 모인 20명의 몸값을 다 합치면 5천억 달러 정도, 우리나라 돈으로 650조 원 정도가 되는 자리였다고 보도했습니다.우리나라의 연간 예산보다도 더 큰 액수의 돈이죠. 마이크로소프트사의 창업자 빌 게이츠와 아마 다 알아보실 겁니다.테슬라의 일론 머스크, 그리고 메타의 마크 저커버그, 또 구글의 순다르 피차이 CEO와 엔비디아의 젠슨 황, 그리고 챗GPT로 이들과 어깨를 나란히 하는 세계적인 인물이 된 오픈 AI의 샘 알트먼까지.시간이 안 된다고 거절했다는 아마존의 제프 베조스 정도 빼고 지금 세상의 기술 거물들은 거의 모두 모였다고 할 수 있습니다.이 사람들의 공통점이 뭐냐, 한꺼번에 사라지면 그야말로 인류 기술의 진보가, 특히 인공지능 AI의 발전이 적어도 당분간은 멈추게 될 수 있다는 점이죠.인공지능을 어떻게 사용해야 할지에 대한 규제안, 관련 법안을 만들기 위해서 당사자들의 의견을 듣고 싶다.미국의 여당인 민주당의 원내대표가 초청해서 미국 시간으로 수요일에 이렇게 워싱턴에 모여서 비공개 논의를 했습니다.<앵커>인공지능의 위험을 경고하는 영화도 많은 만큼 기대만큼이나 우려도 많잖아요. 어떤 얘기가 주로 나왔습니까?<기자>말씀드리면 인공지능은 요새 생명공학이나 유전공학이나 원자력 발전에 많이 비유되죠.인류에게 엄청난 혜택을 가져다줄 수 있지만 자체로 재앙이 될 수도 있다.그래서 자칫 무분별하게 이용되는 인공지능에게 잡아먹히는 세상이 되기 전에 규제가 필요하다. 이런 얘기가 나왔는데요.세계 최일선에서 인공지능을 개발하고 있는 이 기술 거물들도 여기에 대해서는 모두 동의했습니다.   오히려 빨리 규제를 만들어달라, 빨리 규제가 나왔으면 좋겠다. 이런 분위기였다고 합니다.[척 슈머/미국 민주당 원내대표 : 정부가 AI 규제에 역할을 했으면 좋겠냐고 물으니, 참석한 (기술 거물들) 전원이 손을 들던데요.]이 거물들이 학교에서처럼 손을 들었다고 하니까 귀여운 느낌도 있죠. 자기들도 길라잡이가 필요하고 심판이 필요하다.특히 일론 머스크는 인공지능을 양날의 칼에 비유하면서 자칫 인류의 위기가 올 수도 있다. 세상에 생길 수 있는 잠재적 위험을 막기 위한 관리 감독이 필요하다고 밝히기도 했습니다.[일론 머스크/테슬라·스페이스X CEO : 뭔가 끔찍한 일이 일어나기 전에 안전하게 AI를 이용할 수 있게 해야 한다고 계속 말씀드려 온 건 AI의 부작용이 엄청날 수 있기 때문입니다. 나중에 (문제가 생긴 후에) 대응하는 게 아니라 먼저 움직여야죠.]벌써 인공지능을 이용해서 가짜 영상, 딥페이크 영상으로 영상 통화를 걸고 돈을 가로채는 AI 피싱이 실제로 등장하기 시작했습니다.전화기 너머에서 내 눈으로 볼 수 있게 내 딸, 내 아들이 등장해서 급히 돈을 보내달라고 하는데 안 보낼 수 있는 부모가 몇 명이나 있을까요.그리고 이 밖에도 AI 가짜 뉴스를 퍼뜨리고, 또 사람들의 일자리를 가로채고 또 편견을 강화할 수 있다. 이런 우려들도 있습니다.이 모임을 주최한 미국 여당 입장에서는 내년 미국 대선을 앞두고 AI를 활용한 흑색선전이 돌면 골치 아프다는 당장의 현실적인 이유도 있었다는 현지의 분석도 나옵니다.<앵커>규제가 물론 필요할 텐데 인공지능을 어떻게, 어디까지 규제할지 얼핏 생각해 봐도 어려울 것 같기는 합니다.<기자>의견이 많이 엇갈렸다고 합니다. 사람 마음이 그렇죠. 남들 사업에서 규제할 부분은 잘 보이는데 누가 또 자기 거에 대해서 얘기하면 듣기가 싫습니다.이를테면 아까 AI 위험에 선제적으로 대응해야 한다고 굉장히 강한 어조로 주장한 편에 속했다고 하는 일론 머스크도 정작 그러는 테슬라는 인공지능으로 스스로 운전하는 자율주행차의 위험을 축소하고 있다는 비판을 이 자리에서 면전에서 당하기도 했다고 참석자 중에 한 명이 전하기도 했습니다.이제 막 AI 규제 논의가 시작됐지만 갈 길이 먼 게 보인다는 겁니다.일단 나온 얘기는 정부에 전담 감시기구를 만드는 것, 그리고 AI 개발을 허가해야 할 수 있는 일로 규제하는 것 같은 것들입니다.동의하지 않는 사람들도 많았다고 하고요. 단 만장일치 찬성은 미국이 인공지능 규제도 앞질러서 해야 한다는 거였습니다.참석자들이 다 미국인이라서 그렇죠. 사실 이미 유럽연합은 인공지능 규제에 몇 년 전부터 착수했습니다.AI 개발뿐만 아니라 관련 규제도 누가 먼저 기준을 어떻게 만드느냐 이게 기술패권 경쟁에서 주요한 변수가 될 거라는 걸 다들 아는 겁니다.우리도 AI 기술개발에 관료주의적인 방해는 하지 않으면서도 제대로 심판이 돼주는 관련 정책을 늦지 않게 고민하기 시작해야 할 걸로 보입니다.권애리 기자 ailee17@sbs.co.kr"
"미 치솟는 기름값에 ""스태그플레이션 우려""","[앵커]미국의 기름값 상승세가 심상치 않습니다.유가가 소비자 물가 상승을 압박하면서 인플레이션이 다시 고개를 들 조짐을 보이고 있습니다.방주희PD가 전해드립니다.[리포터]브렌트유에 이어 미국 내 원유 가격의 지표가 되는 서부텍사스산원유 가격도 배럴당 90달러를 돌파했습니다.서부텍사스산원유가 배럴당 90달러를 웃돈 것은 지난해 11월 이후 10개월 만입니다.주요 산유국들의 공급 감축으로 국제 유가가 치솟으며 미국의 원유 공급에도 차질을 불러올 거란 우려에 따른 것으로 분석됩니다.실제로 노동부가 발표한 지난달 물가지수를 보면 미국 내 휘발유 가격은 한 달 사이에 10% 이상 뛰었습니다.껑충 뛰어오른 유가는 물가 상승을 부추기고 있습니다.지표상으로는 소비 증가세가 이어지고 있는 것으로 나타났지만 실제로는 휘발유 가격 상승 때문이라는 분석이 나옵니다.이 때문에 경기가 위축된 상황에서 물가가 뛰어오르는 스태그플레이션을 우려하는 목소리도 높아지고 있습니다.유가 상승이 미국 내 물가를 끌어올리면서 다음 주 미 연방준비제도의 통화정책 회의로 시선이 옮겨지고 있습니다.일단 이번 회의에서는 금리를 동결하겠지만, 이후 추가 금리 인상을 할 가능성이 높기 때문입니다.<제롬 파월 / 미국 연방준비제도 의장(지난달 25일)> ""필요할 경우 기준금리를 추가로 올릴 준비가 돼 있습니다. 물가상승률이 목표 수준으로 지속해서 하락하고 있다고 확신할 때까지 긴축적인 수준에서 통화정책을 유지할 것입니다.""특히 오는 19일과 20일 열리는 연방공개시장위원회 후, 제롬 파월 의장이 어떤 정책 기조를 나타낼지 시장의 이목이 쏠립니다.연합뉴스TV 방주희입니다.#WTI #휘발유 #물가 #스태그플레이션연합뉴스TV 기사문의 및 제보 : 카톡/라인 jebo23(끝)네이버에서 연합뉴스TV를 구독하세요 연합뉴스TV 생방송 만나보기  균형있는 뉴스, 연합뉴스TV 앱 다운받기"
"전경련, 한-폴란드 협력 강화 위해 민관 경제사절단 파견","(서울=연합뉴스) 김보경 기자 = 전국경제인연합회(전경련)가 한국과 폴란드 간 경제협력 강화를 위해 정부와 기업 주요 관계자들이 참여한 경제사절단을 꾸려 폴란드 현지를 찾았다.전경련은 13∼15일 열리는 폴란드 크리니차 포럼 참석을 위해 민관합동 한국사절단을 현지에 파견했다고 밝혔다.경제계가 폴란드를 찾은 것은 지난 7월 대통령 순방 사절단 이후 두 달만이다.크리니차 포럼은 안제이 두다 폴란드 대통령이 후원하는 국제회의로, '동부의 다보스포럼'이라 불린다.지난 7월 윤석열 대통령 순방 당시 두다 대통령이 한국을 포럼의 특별 게스트로 초청하면서 이번 한국사절단이 꾸려졌다.이번 민관합동 사절단은 한덕수 국무총리와 안덕근 산업통상자원부 통상교섭본부장, 엄동환 방위사업청장 등이 참여한 정부 사절단과 류진 전경련 회장을 단장으로 정의선 현대자동차그룹 회장, 이방수 LG에너지솔루션 사장 등이 포함된 민간사절단으로 구성됐다.폴란드에서는 두다 대통령을 비롯해 폴란드 인프라부와 국유재산부, 지역개발부 장관 등 정부 관계자들이 대거 참석했다.먼저 한 국무총리가 특별 연설자로 나선 13일 개막식에서는 방위산업과 에너지, 기후변화 등 다양한 의제가 테이블에 오른 가운데 우크라이나 재건과 관련한 한국과 폴란드 간의 협력 방안이 주요하게 논의됐다고 전경련은 전했다.이튿날인 14일에는 크리니차 포럼의 주요 세션으로 '한국-폴란드 포럼'이 열렸다.두다 대통령과 한 총리의 개회 인사에 이어 진행된 패널 세션에서는 ▲ 무역·투자 공급망 ▲ 방위산업 ▲ 에너지 인프라·우크라이나 재건 ▲ 원전 협력 방안 등에 대한 토론이 진행됐다.이번 한국사절단은 류진 전경련 회장이 취임 후 나서는 첫 공식 국제행사다.류 회장은 14일 오전 현지에서 국무총리 초청 사절단 조찬 간담회를 열었다.그는 간담회에서 ""한국의 미래산업인 이차 전지, 방위산업, 원자력발전에서 폴란드는 양과 질 모든 면에서 기회의 땅""이라며 ""우리 기업이 글로벌 무대에서 마음껏 역량을 펼칠 수 있도록 전경련도 '원팀 코리아' 정신 아래 민관합동 사절단 등으로 힘을 보태겠다""고 말했다.류 회장은 주요 경제인들과 함께 한 총리를 동행해 두다 대통령 면담, 기타나스 나우세다 리투아니아 대통령 면담 등에도 참여했다. 특히 두다 대통령은 한국 기업인을 위해 특별히 마련된 '한국-폴란드 기업인 리셉션'에 한국의 민간 경제사절단장으로서 참석했다.김봉만 전경련 국제본부장은 ""우리나라 기업이 폴란드 시장에서 주도적인 역할을 이어가고, 폴란드를 넘어 유럽 시장까지 영향력을 키울 수 있도록 전경련이 이번 사절단과 같은 기회를 계속 마련하겠다""고 말했다.vivid@yna.co.kr▶제보는 카톡 okjebo"
8월 중국행 해상 수출 운송비 19%↑…5개월만에 상승,"(세종=연합뉴스) 박원희 기자 = 선박을 이용해 중국으로 수출할 때 소요되는 운송비가 5개월 만에 반등했다.관세청이 15일 발표한 '2023년 8월 수출입 운송비용 현황'에 따르면 지난달 우리나라에서 중국으로 가는 해상 수출 컨테이너의 2TEU(40피트짜리 표준 컨테이너 1대)당 운송 비용은 평균 63만원으로 한 달 전보다 19.0% 올랐다. 지난 3월(1.1%) 이후 5개월 만에 상승이다.일본행 해상 수출 운송비도 6.4% 올라 4개월 만에 상승을 기록했다. 미국 동부(3.6%), 유럽연합(EU·1.7%) 등도 올랐다.반면 베트남행 해상 수출 운송비는 11.4% 내려 11개월째 하락했다. 미국 서부행(-3.7%)도 내렸다.해상 수입 운송비는 전월과 비교해 미국 동부(25.6%), 일본(5.3%), 베트남(4.5%) 등은 오르고 미국 서부(-6.4%), EU(-14.6%), 중국(-10.5%) 등은 하락했다.항공기를 이용할 때 드는 수입 운송비의 경우 미국 등의 항로에서 오름세를 보였다.미국에서 수입하는 화물의 1㎏당 운송비용은 평균 5천976원으로 한 달 전보다 17.1% 상승했다. EU(10.2%), 베트남(5.5%) 등도 올랐다. 반면 일본(-6.0%)과 중국(-0.2%) 등은 내렸다.encounter24@yna.co.kr▶제보는 카톡 okjebo"
고강도 긴축재정에도 '비상금' 늘었다,"[세종=이데일리 이지은 기자] 정부가 내년도 예비비를 올해보다 약 9% 늘어난 5조원으로 편성했다. 지출증가율을 역대 최저로 낮추는 등 고강도 긴축예산을 내놨지만, 나라의 비상금은 오히려 늘린 것이다.정부는 최근 기상이변 등 예측불가능성이 커진 재난·재해를 대비하기 위해 예비비 증액이 필요하다는 입장이다. 다만 예비비가 당해 연도 내 사용 내역이 공개되지 않는 ‘깜깜이 돈’이라는 점에서 원안대로 국회 문턱을 넘기는 쉽지 않을 전망이다."
"최태원 SK 회장 ""ESG, 부담 덜고 작은 것부터 실천해야""","최 회장은 지난 14일 울산 울주군 울산전시컨벤션센터에서 열린 '2023 울산포럼'에 참가해 ""ESG를 요구하는 포맷을 따라가려고만 하면 부담이 크다""며 ""힘과 돈이 들어가는 탓에 내 사업이 나아지지 않을 것으로 생각하기 때문""이라고 말했다.그는 본질에 집중하면 돈과 노력을 덜 사용하면서도 ESG를 실천할 수 있다고 강조했다. ""ESG에서 E는 사람과 자연과의 관계일 뿐""이라며 ""(자연을 위해) 쓰레기를 줄이고 플라스틱을 덜 쓰는 것도 ESG라고 할 수 있다""고 설명했다.최 회장은 ""E를 환경이라고 생각하면 탄소 배출을 줄이기 위해 대규모 자금을 사용해야 한다는 압박이 생겨 반감이 들 수밖에 없다""며 ""(큰 규모의 해결책은) 지방자치단체 등과 논의해 방향을 찾아야지 거부감부터 들면 안 된다""고 부연했다.S와 G를 실천하는 데에 있어서도 자금 부담을 느낄 필요가 없다는 게 최 회장 생각이다. 그는 ""사람을 사람답게 취급해주는 것이 S, 최고경영자(CEO)가 자신의 권력을 나눠주는 것이 G""라며 ""S와 G를 실천하기 위해선 각각 조직 문화 개선, 의사결정권 분배 등을 실천하면 된다""고 강조했다. ""이는 큰돈이 드는 방법이 아니다""라고 덧붙였다.최 회장은 이날 부산 엑스포 유치 자신감을 드러내기도 했다. 그는 울산포럼 종료 후 취재진과 만나 ""저뿐만 아니라 정부 관계자들과 재계가 함께 (부산 엑스포 유치를 위해) 뛰고 있으니 좋은 결과가 나올 것으로 본다""며 ""무조건 열심히 잘 뛰어보겠다""고 언급했다.한편 올해 울산포럼은 '청년행복, 산업수도의 변화'와 '동반성장, ESG 넥스트 전략'을 세부 주제로 진행됐다. 제조업 재도약을 위해 청년들이 지역사회로 돌아와 정착할 수 있는 방안과 ESG 공급망 규제 대응 방법 등을 논의했다.울산=김동욱 기자 ase846@mt.co.kr<저작권자 ⓒ '성공을 꿈꾸는 사람들의 경제 뉴스' 머니S, 무단전재 및 재배포 금지>"
"""김정은 탄 '661호', 30년 넘은 러시아 선박""VOA","북한과 러시아가 정상회담을 열고 군사 협력을 강화하기로 한 만큼 이런 사례가 앞으로 더 나올 것으로 예상된다.유엔안전보장이사회가 2006년 채택한 결의 1718호는 러시아를 비롯한 유엔 회원국이 장갑차와 탱크, 군함 등을 북한과 거래하지 못하도록 하고 있으며 2016년에 채택된 결의 2270호는 거래 금지 대상 품목의 폭을 소형 무기와 경무기, 관련 물자로 늘렸다.VOA는 최근 국제해사기구(IMO)의 국제통합해운정보시스템(GISIS)에 게시된 '661호'의 정보를 살펴본 결과 건조된 지 30년이 넘은 구형 군함을 들여와 개량한 것으로 확인됐다고 15일 보도했다.북한 조선중앙통신은 지난달 21일 김정은 국무위원장이 신형 호위함에 탑승했다며 사진을 공개했다. '경비함 661호'로 소개된 이 신형 호위함은 화살-2형으로 추정되는 전략순항미사일을 발사했다. 이 함정은 길이가 77m인 압록급 호위함으로, 선박 옆면이 아랫부분과 일체형을 이룬 스텔스 설계가 적용됐다.GISIS 자료에 따르면 661호는 1992년 12월 '크라스니 빔펠'함으로 국제사회에 처음 등록됐으며, 한 달 뒤인 1993년 1월부턴 '헤트만 베이다 비슈네베츠키'함으로 운용됐다. 그러다가 2023년 1월 이름과 선적이 각각 '661호'와 북한으로 등록되고, 이때부터 등록 소유주도 북한 해군으로 등재됐다고 VOA는 설명했다.GISIS 자료에는 선박의 고유식별번호인 IMO 번호를 토대로 선적국가가 제공한 선박의 이름과 선적 국가, 소유주 등의 정보가 담겨 있다.안보 문제 전문 웹사이트 글로벌시큐리티는 우크라이나 해군이 최초 크리박급으로 운용할 목적으로 헤트만 베이다 비슈네베츠키함 혹은 크라스니 빔펠함을 건조하기 시작했다고 밝혔다. 이 군함은 건조가 완전히 끝나지 않은 상태에서 러시아로 소유권이 이전됐으며, 2003년 북한에 판매된 것으로 추정된다고 전했다.글로벌시큐리티가 이런 내용을 공개할 때까지만 해도 북한이 우크라이나와 러시아가 보유한 군함을 구매한 것으로만 알려졌는데 GISIS 자료를 한 결과 이 선박이 최근 공개된 661호로 재탄생한 사실이 확인됐다고 VOA는 덧붙였다.VOA는 1990년대 초 우크라이나 해군이 만들고, 이후 러시아로 소유권이 넘어간 크리박급 함정을 북한이 2000년대 초에 들여와 약 20년 만인 올해 '최신형' 호위함으로 소개한 것이라고 지적하고 이는 북한이 함정을 건조할 만한 기술을 갖추지 못했음을 시사한다고 강조했다.jacklondon@tf.co.kr발로 뛰는 더팩트는 24시간 여러분의 제보를 기다립니다.▶카카오톡: '더팩트제보' 검색▶이메일: jebo@tf.co.kr▶뉴스 홈페이지: http://talk.tf.co.kr/bbs/report/write"
"신원식 ""9.19 군사적 취약성 보완""…각종 논란에 대해선 '후퇴'","신원식 국방부 장관 후보자는 15일 ""장관이 된다면 국군통수권자의 국방 관련 지침과 의도를 잘 헤아려서 정예화된 선진강군을 만들겠다""며 ""장병들이 올바른 국가관, 대적관, 군인정신으로 무장해서 군인의 본연 임무, 적과 싸우면 반드시 이기는 군대다운 군대를 만드는 데 성심을 다하겠다""고 했다.그러나 본인의 과거 극우적 막말 등 발언에 대해서는 대부분 ""청문회장에서 입장을 밝히겠다""거나 ""장관으로서 입장을 밝히는 것이 적절치 않다""면서 후퇴했다.신 후보자는 15일 오전 서울 용산구 국방부 청사 앞 육군회관에 마련된 사무실로 출근하면서 기자들과 만나 이같이 밝혔다.그는 취재진이 9.19 군사합의에 대한 의견을 묻자 ""개인적으로 9.19 군사합의는 우리 군사적 취약점을 확대하는, 반드시 폐기 되는 것이 바람직하다고 생각을 했습니다마는, 국방부 장관이 되면 국방부 단독으로 의사결정할 수 없는 것""이라며 ""그래서 9.19 군사합의에 대한 군사적 취약성이, 그동안 군 내에서 여러가지 보완책을 내놓았습니다만 한번 전반적으로 보고 추가적으로 보완할 거 있으면 최단 시간에 보완하겠다""고 했다. 신 후보자는 군사합의를 맹비난했던 여당 의원 중 한 명이다.홍범도 장군 흉상과 해군 손원일급 잠수함 홍범도함의 이름 논란에 대한 질문에는 ""취임하면 여러 의견을 듣고 충분히 검토한 후에 방향을 정하겠다""고 답하고, 해병대 채 상병 순직 사건과 관련된 논란에 대해선 ""국회의원으로, 정치인으로서 여러 견해를 밝혔었는데 만일 장관이 된다면, 경찰에서 수사가 이뤄지고 있고 일부는 군 검찰의 수사가 이뤄지고 있다""며 ""장관으로서 수사에 대한 입장 밝히는 것은 적절치 않고 후보자로서도 말하는 것이 적절치 않다. 단 청문회장에서 할 수 있는 범위 내에서 필요하다면 의견 밝히겠다""며 물러섰다.신 후보자는 최근 해병대원 순직 사건과 관련해 ""안타깝지만 손잡고 가다가 웅덩이에 푹 빠져서 죽음을 당했다. 이게 8명의 징계자를 낼 만큼 어마어마한 군의 과오냐""라는 망언으로 여당 내에서조차 비판받았다.뿐만 아니라 그는 얼마 전 홍범도 장군 흉상 철거 논란의 당사자이기도 하다. 지난해 국정감사에서 육군사관학교 내 홍범도 흉상 문제를 처음 거론했고 지금도 강경한 입장을 고수하고 있다.몇 해 전에는 5.16 쿠데타와 12.12 군사반란을 적극 감싸기도 했다. 그는 2019년 9월 유튜브 '신인균의 국방TV'에서 5.16에 대해 ""정치법적으로는 쿠데타지만, (이를 통해) 우리나라가 농업화 사회에서 산업화 사회로 바뀌었기 때문에 사회·경제·철학적으로 혁명""이라고 했다. 또 12.12에 대해선 ""박정희 전 대통령이 돌아가신 공백기에 서울의 봄이 일어나던 상황이었다""며 ""나라를 구해야 되겠다고 해서 나왔다고 본다""고 옹호했다.이와 관련된 논란에 대해서 그는 전날 국회에서 기자들과 만나 ""쿠데타는 절대 있어서도 안 되고, 있을 수도 없고, 대한민국 현실에 불가능하다고 본다""며 ""과거에 했던 발언 관련 모든 것은, 저는 그 사건과 관해서는 대법원 확정판결과 정부의 공식 입장을 100% 지지한다""고 설명했다.그러면서 ""질문자가 일본에서 '쿠데타가 가능하냐'는 그런 설이 있다고 묻길래 쿠데타가 불가능하다고 설명하는 과정에서 앞뒤 맥락을 자르고 이야기한 것 같다""고 덧붙였다.출근길에는 2019년 태극기 집회에서 ""문재인 모가지 따는 것은 시간문제""라고 발언했던 것에 대한 질문도 나왔는데 신 후보자는 ""청문회장에서 제 입장을 밝히겠다""고 후퇴했다.한편 취재진이 북한과 러시아의 최근 밀착에 대한 국방부의 준비와 대응을 묻자 그는 ""북러가 굉장히 긴밀해지면 북한의 첨단무기 개발 등 무기 개발에 상당한 영향을 줄 것""이라며 ""상세히 분석해서 그에 맞춰 압도할 수 있는 우리 군 전력 증강 방향을 보완하고, 전략적으로 한국군의 능력을 향상시키는 것도 있지만 동맹국·우방국과 긴밀한 군사협력을 통해서 도발을 억제할 수 있기 때문에 여러 가지, 다각적인 측면에서 보완책을 강구하겠다""고 답했다.CBS노컷뉴스 김형준 기자 redpoint@cbs.co.kr▶ 기자와 카톡 채팅하기▶ 노컷뉴스 영상 구독하기"
"김정은, 극동 군사산업 도시 도착","러시아 관영 타스통신은 15일 김 위원장이 탄 전용 열차가 이날 하바롭스크주 산업도시 콤소몰스크나아무레에 도착했다고 보도했다.김 위원장은 이날 오전 이 도시에 있는 첨단 다목적 전투기 수호이(Su)-57과 민간 항공기 등을 생산하는 '유리 가가린' 전투기 공장을 둘러볼 예정이다.또 잠수함과 군함 등을 생산하는 조선소도 방문할 예정이다.김 위원장의 콤소몰스크나아무레 시찰에는 세르게이 쇼이구 러시아 국방장관이 함께하는 것으로 알려졌다.김 위원장은 이 곳 시찰을 마친 뒤에는 다시 전용 열차를 타고 남쪽으로 1150㎞가량 떨어진 연해주 블라디보스토크로 향한다.블라디보스토크에서는 태평양함대 사령부, 극동연방대학교 등을 둘러볼 계획이다.CBS노컷뉴스 권민철 기자 twinpine@cbs.co.kr▶ 기자와 카톡 채팅하기▶ 노컷뉴스 영상 구독하기"
